Time (UTC),Route A,Route B,Route C
2/20/2023 4:00,102,,
2/20/2023 4:00,85,90,
2/20/2023 4:00,99,,121
2/20/2023 4:01,89,119,118
2/20/2023 4:01,,,114
2/20/2023 4:01,119,88,88
2/20/2023 4:02,113,86,118
2/20/2023 4:02,109,110,101
2/20/2023 4:02,,86,116
2/20/2023 4:03,,126,103
2/20/2023 4:03,114,,114
2/20/2023 4:03,120,,119
2/20/2023 4:04,93,127,
2/20/2023 4:04,92,,129
2/20/2023 4:04,110,104,103
2/20/2023 4:05,92,,122
2/20/2023 4:05,123,,101
2/20/2023 4:05,115,101,117
2/20/2023 4:06,106,117,100
2/20/2023 4:06,106,,
2/20/2023 4:06,98,122,90
2/20/2023 4:07,93,85,88
2/20/2023 4:07,118,99,
2/20/2023 4:07,122,104,
2/20/2023 4:08,90,104,
2/20/2023 4:08,91,,
2/20/2023 4:08,,92,
2/20/2023 4:09,,109,102
2/20/2023 4:09,,108,107
2/20/2023 4:09,,98,109
2/20/2023 4:10,,,
2/20/2023 4:10,,123,
2/20/2023 4:10,99,,122
2/20/2023 4:11,128,96,93
2/20/2023 4:11,121,115,100
2/20/2023 4:11,105,98,96
2/20/2023 4:12,110,87,129
2/20/2023 4:12,88,85,125
2/20/2023 4:12,,119,115
2/20/2023 4:13,118,102,127
2/20/2023 4:13,109,126,130
2/20/2023 4:13,117,130,106
2/20/2023 4:14,86,87,116
2/20/2023 4:14,,117,130
2/20/2023 4:14,108,90,95
2/20/2023 4:15,121,88,91
2/20/2023 4:15,121,100,111
2/20/2023 4:15,,87,105
2/20/2023 4:16,86,,107
2/20/2023 4:16,98,86,126
2/20/2023 4:16,110,101,102
2/20/2023 4:17,120,109,87
2/20/2023 4:17,96,111,130
2/20/2023 4:17,103,,130
2/20/2023 4:18,98,90,
2/20/2023 4:18,119,88,
2/20/2023 4:18,114,116,
2/20/2023 4:19,119,126,
2/20/2023 4:19,105,106,
2/20/2023 4:19,97,127,
2/20/2023 4:20,88,,
2/20/2023 4:20,124,105,92
2/20/2023 4:20,107,100,92
2/20/2023 4:21,95,,128
2/20/2023 4:21,104,104,107
2/20/2023 4:21,129,,114
2/20/2023 4:22,106,114,91
2/20/2023 4:22,106,118,121
2/20/2023 4:22,,,122
2/20/2023 4:23,125,99,102
2/20/2023 4:23,111,,
2/20/2023 4:23,124,125,
2/20/2023 4:24,101,113,
2/20/2023 4:24,,126,99
2/20/2023 4:24,103,121,103
2/20/2023 4:25,,124,
2/20/2023 4:25,,127,
2/20/2023 4:25,,110,
2/20/2023 4:26,127,,110
2/20/2023 4:26,102,86,117
2/20/2023 4:26,88,,107
2/20/2023 4:27,121,,128
2/20/2023 4:27,,,119
2/20/2023 4:27,,95,
2/20/2023 4:28,105,107,
2/20/2023 4:28,,129,86
2/20/2023 4:28,89,94,112
2/20/2023 4:29,107,122,102
2/20/2023 4:29,112,121,126
2/20/2023 4:29,,102,97
2/20/2023 4:30,129,115,
2/20/2023 4:30,114,106,96
2/20/2023 4:30,116,,109
2/20/2023 4:31,99,123,89
2/20/2023 4:31,111,106,121
2/20/2023 4:31,93,100,117
2/20/2023 4:32,109,124,102
2/20/2023 4:32,98,112,102
2/20/2023 4:32,97,106,104
2/20/2023 4:33,129,112,98
2/20/2023 4:33,100,115,88
2/20/2023 4:33,87,118,103
2/20/2023 4:34,,92,103
2/20/2023 4:34,112,127,106
2/20/2023 4:34,98,105,106
2/20/2023 4:35,115,112,121
2/20/2023 4:35,93,112,130
2/20/2023 4:35,119,,100
2/20/2023 4:36,125,105,111
2/20/2023 4:36,100,94,92
2/20/2023 4:36,99,102,91
2/20/2023 4:37,126,108,125
2/20/2023 4:37,97,120,97
2/20/2023 4:37,86,88,130
2/20/2023 4:38,113,127,
2/20/2023 4:38,125,110,88
2/20/2023 4:38,121,86,110
2/20/2023 4:39,118,98,96
2/20/2023 4:39,127,129,102
2/20/2023 4:39,102,,99
2/20/2023 4:40,104,89,100
2/20/2023 4:40,124,97,94
2/20/2023 4:40,,127,87
2/20/2023 4:41,100,129,122
2/20/2023 4:41,130,102,104
2/20/2023 4:41,87,86,103
2/20/2023 4:42,86,111,120
2/20/2023 4:42,97,115,119
2/20/2023 4:42,86,94,111
2/20/2023 4:43,,103,
2/20/2023 4:43,110,112,119
2/20/2023 4:43,98,128,100
2/20/2023 4:44,110,90,89
2/20/2023 4:44,118,113,115
2/20/2023 4:44,85,129,126
2/20/2023 4:45,123,89,113
2/20/2023 4:45,96,102,105
2/20/2023 4:45,108,93,108
2/20/2023 4:46,91,89,125
2/20/2023 4:46,124,100,99
2/20/2023 4:46,125,104,127
2/20/2023 4:47,116,88,107
2/20/2023 4:47,121,108,103
2/20/2023 4:47,92,93,126
2/20/2023 4:48,105,122,99
2/20/2023 4:48,104,91,109
2/20/2023 4:48,90,108,96
2/20/2023 4:49,101,93,104
2/20/2023 4:49,124,105,89
2/20/2023 4:49,123,104,98
2/20/2023 4:50,100,96,86
2/20/2023 4:50,112,129,93
2/20/2023 4:50,96,100,95
2/20/2023 4:51,130,89,87
2/20/2023 4:51,120,126,95
2/20/2023 4:51,92,129,97
2/20/2023 4:52,112,127,127
2/20/2023 4:52,106,126,105
2/20/2023 4:52,116,94,86
2/20/2023 4:53,126,89,93
2/20/2023 4:53,92,103,97
2/20/2023 4:53,112,95,91
2/20/2023 4:54,128,103,122
2/20/2023 4:54,85,89,109
2/20/2023 4:54,100,118,91
2/20/2023 4:55,126,96,115
2/20/2023 4:55,114,89,130
2/20/2023 4:55,96,122,89
2/20/2023 4:56,115,120,102
2/20/2023 4:56,122,93,113
2/20/2023 4:56,105,104,111
2/20/2023 4:57,97,123,88
2/20/2023 4:57,128,,113
2/20/2023 4:57,120,112,118
2/20/2023 4:58,90,90,118
2/20/2023 4:58,114,85,111
2/20/2023 4:58,122,92,103
2/20/2023 4:59,98,101,92
2/20/2023 4:59,,114,86
2/20/2023 4:59,118,91,128
2/20/2023 5:00,120,110,107
2/20/2023 5:00,92,105,96
2/20/2023 5:00,92,,111
2/20/2023 5:01,93,108,93
2/20/2023 5:01,127,90,104
2/20/2023 5:01,128,86,98
2/20/2023 5:02,93,115,113
2/20/2023 5:02,104,121,126
2/20/2023 5:02,102,,92
2/20/2023 5:03,110,115,120
2/20/2023 5:03,128,123,91
2/20/2023 5:03,91,,
2/20/2023 5:04,119,99,
2/20/2023 5:04,107,122,96
2/20/2023 5:04,120,129,97
2/20/2023 5:05,129,108,86
2/20/2023 5:05,94,128,98
2/20/2023 5:05,117,114,113
2/20/2023 5:06,120,129,115
2/20/2023 5:06,124,112,85
2/20/2023 5:06,107,127,112
2/20/2023 5:07,124,123,107
2/20/2023 5:07,115,106,115
2/20/2023 5:07,91,93,126
2/20/2023 5:08,119,118,129
2/20/2023 5:08,113,102,101
2/20/2023 5:08,128,103,94
2/20/2023 5:09,107,109,130
2/20/2023 5:09,86,88,103
2/20/2023 5:09,113,102,109
2/20/2023 5:10,86,123,114
2/20/2023 5:10,87,99,103
2/20/2023 5:10,117,120,115
2/20/2023 5:11,106,106,102
2/20/2023 5:11,110,99,89
2/20/2023 5:11,122,93,127
2/20/2023 5:12,125,91,101
2/20/2023 5:12,85,111,110
2/20/2023 5:12,86,116,129
2/20/2023 5:13,117,101,102
2/20/2023 5:13,90,86,116
2/20/2023 5:13,101,126,104
2/20/2023 5:14,89,111,97
2/20/2023 5:14,114,121,111
2/20/2023 5:14,108,127,130
2/20/2023 5:15,124,120,116
2/20/2023 5:15,99,113,85
2/20/2023 5:15,127,106,109
2/20/2023 5:16,97,124,124
2/20/2023 5:16,111,113,90
2/20/2023 5:16,120,126,110
2/20/2023 5:17,97,120,96
2/20/2023 5:17,91,114,116
2/20/2023 5:17,92,124,103
2/20/2023 5:18,117,110,103
2/20/2023 5:18,109,126,113
2/20/2023 5:18,120,124,109
2/20/2023 5:19,110,88,123
2/20/2023 5:19,106,99,122
2/20/2023 5:19,95,94,115
2/20/2023 5:20,113,117,97
2/20/2023 5:20,107,104,94
2/20/2023 5:20,93,94,108
2/20/2023 5:21,122,122,118
2/20/2023 5:21,91,118,103
2/20/2023 5:21,94,103,121
2/20/2023 5:22,90,125,118
2/20/2023 5:22,126,120,118
2/20/2023 5:22,105,117,127
2/20/2023 5:23,107,116,121
2/20/2023 5:23,107,105,130
2/20/2023 5:23,107,118,93
2/20/2023 5:24,90,96,94
2/20/2023 5:24,105,87,115
2/20/2023 5:24,127,113,122
2/20/2023 5:25,117,127,116
2/20/2023 5:25,85,103,127
2/20/2023 5:25,99,93,130
2/20/2023 5:26,130,125,114
2/20/2023 5:26,123,119,98
2/20/2023 5:26,91,94,105
2/20/2023 5:27,102,124,106
2/20/2023 5:27,120,115,112
2/20/2023 5:27,107,116,122
2/20/2023 5:28,109,126,113
2/20/2023 5:28,92,106,99
2/20/2023 5:28,100,125,128
2/20/2023 5:29,89,94,97
2/20/2023 5:29,88,127,126
2/20/2023 5:29,96,94,110
2/20/2023 5:30,91,113,94
2/20/2023 5:30,115,95,113
2/20/2023 5:30,112,103,128
2/20/2023 5:31,123,113,120
2/20/2023 5:31,108,96,121
2/20/2023 5:31,98,123,92
2/20/2023 5:32,90,97,115
2/20/2023 5:32,104,92,86
2/20/2023 5:32,103,119,92
2/20/2023 5:33,100,98,104
2/20/2023 5:33,123,121,129
2/20/2023 5:33,99,108,99
2/20/2023 5:34,121,85,113
2/20/2023 5:34,119,85,124
2/20/2023 5:34,91,112,128
2/20/2023 5:35,92,124,110
2/20/2023 5:35,108,117,122
2/20/2023 5:35,106,95,114
2/20/2023 5:36,102,94,99
2/20/2023 5:36,114,123,99
2/20/2023 5:36,101,98,98
2/20/2023 5:37,103,124,126
2/20/2023 5:37,90,103,109
2/20/2023 5:37,118,115,98
2/20/2023 5:38,97,110,127
2/20/2023 5:38,113,98,120
2/20/2023 5:38,109,114,121
2/20/2023 5:39,98,123,98
2/20/2023 5:39,114,121,85
2/20/2023 5:39,101,119,121
2/20/2023 5:40,119,120,118
2/20/2023 5:40,86,90,90
2/20/2023 5:40,97,95,106
2/20/2023 5:41,119,101,117
2/20/2023 5:41,118,117,116
2/20/2023 5:41,111,128,125
2/20/2023 5:42,105,98,108
2/20/2023 5:42,104,103,128
2/20/2023 5:42,104,86,110
2/20/2023 5:43,105,98,103
2/20/2023 5:43,118,130,112
2/20/2023 5:43,123,128,125
2/20/2023 5:44,95,102,111
2/20/2023 5:44,94,87,97
2/20/2023 5:44,115,88,88
2/20/2023 5:45,126,101,114
2/20/2023 5:45,87,120,107
2/20/2023 5:45,128,91,113
2/20/2023 5:46,114,100,115
2/20/2023 5:46,114,129,116
2/20/2023 5:46,106,97,128
2/20/2023 5:47,104,101,118
2/20/2023 5:47,124,127,91
2/20/2023 5:47,95,97,89
2/20/2023 5:48,114,102,96
2/20/2023 5:48,118,127,107
2/20/2023 5:48,96,125,101
2/20/2023 5:49,115,116,91
2/20/2023 5:49,129,99,91
2/20/2023 5:49,123,106,117
2/20/2023 5:50,105,125,129
2/20/2023 5:50,117,121,107
2/20/2023 5:50,87,105,86
2/20/2023 5:51,111,94,99
2/20/2023 5:51,96,114,126
2/20/2023 5:51,108,99,123
2/20/2023 5:52,127,98,120
2/20/2023 5:52,95,111,129
2/20/2023 5:52,86,99,112
2/20/2023 5:53,91,107,124
2/20/2023 5:53,102,86,124
2/20/2023 5:53,105,93,99
2/20/2023 5:54,99,99,120
2/20/2023 5:54,112,87,127
2/20/2023 5:54,97,123,101
2/20/2023 5:55,122,98,111
2/20/2023 5:55,115,126,122
2/20/2023 5:55,114,107,92
2/20/2023 5:56,115,113,107
2/20/2023 5:56,101,126,103
2/20/2023 5:56,111,86,114
2/20/2023 5:57,90,100,114
2/20/2023 5:57,85,122,102
2/20/2023 5:57,111,95,116
2/20/2023 5:58,92,126,102
2/20/2023 5:58,126,105,129
2/20/2023 5:58,95,95,103
2/20/2023 5:59,96,121,91
2/20/2023 5:59,127,108,123
2/20/2023 5:59,85,97,110
2/20/2023 6:00,93,111,119
2/20/2023 6:00,122,87,110
2/20/2023 6:00,128,99,85
2/20/2023 6:01,118,99,107
2/20/2023 6:01,85,103,107
2/20/2023 6:01,103,104,96
2/20/2023 6:02,85,113,92
2/20/2023 6:02,114,102,128
2/20/2023 6:02,85,97,127
2/20/2023 6:03,130,127,126
2/20/2023 6:03,109,120,104
2/20/2023 6:03,120,127,126
2/20/2023 6:04,102,105,124
2/20/2023 6:04,129,124,115
2/20/2023 6:04,98,90,127
2/20/2023 6:05,91,101,113
2/20/2023 6:05,97,99,94
2/20/2023 6:05,103,124,115
2/20/2023 6:06,87,117,121
2/20/2023 6:06,129,100,118
2/20/2023 6:06,104,97,123
2/20/2023 6:07,100,127,87
2/20/2023 6:07,92,108,112
2/20/2023 6:07,121,117,109
2/20/2023 6:08,100,122,91
2/20/2023 6:08,106,113,128
2/20/2023 6:08,86,130,103
2/20/2023 6:09,107,104,110
2/20/2023 6:09,123,127,104
2/20/2023 6:09,95,91,129
2/20/2023 6:10,120,102,100
2/20/2023 6:10,116,109,128
2/20/2023 6:10,121,93,104
2/20/2023 6:11,95,90,89
2/20/2023 6:11,125,92,123
2/20/2023 6:11,127,121,107
2/20/2023 6:12,116,96,107
2/20/2023 6:12,86,120,94
2/20/2023 6:12,100,115,112
2/20/2023 6:13,120,114,117
2/20/2023 6:13,114,121,126
2/20/2023 6:13,89,127,129
2/20/2023 6:14,113,120,106
2/20/2023 6:14,89,117,93
2/20/2023 6:14,87,116,90
2/20/2023 6:15,123,95,87
2/20/2023 6:15,116,130,115
2/20/2023 6:15,93,120,100
2/20/2023 6:16,121,123,100
2/20/2023 6:16,87,116,108
2/20/2023 6:16,117,119,116
2/20/2023 6:17,124,94,111
2/20/2023 6:17,119,120,95
2/20/2023 6:17,118,128,86
2/20/2023 6:18,108,86,100
2/20/2023 6:18,86,117,104
2/20/2023 6:18,91,112,88
2/20/2023 6:19,100,93,128
2/20/2023 6:19,113,103,85
2/20/2023 6:19,88,106,125
2/20/2023 6:20,115,106,87
2/20/2023 6:20,,105,101
2/20/2023 6:20,124,91,95
2/20/2023 6:21,116,115,107
2/20/2023 6:21,117,90,120
2/20/2023 6:21,100,127,94
2/20/2023 6:22,115,96,99
2/20/2023 6:22,130,118,105
2/20/2023 6:22,117,86,
2/20/2023 6:23,102,129,87
2/20/2023 6:23,90,99,121
2/20/2023 6:23,95,129,120
2/20/2023 6:24,99,,103
2/20/2023 6:24,,104,109
2/20/2023 6:24,126,89,107
2/20/2023 6:25,88,,115
2/20/2023 6:25,109,91,107
2/20/2023 6:25,100,109,113
2/20/2023 6:26,119,103,129
2/20/2023 6:26,116,105,124
2/20/2023 6:26,107,96,92
2/20/2023 6:27,90,125,127
2/20/2023 6:27,110,97,108
2/20/2023 6:27,99,95,111
2/20/2023 6:28,129,118,130
2/20/2023 6:28,109,129,110
2/20/2023 6:28,122,116,128
2/20/2023 6:29,85,100,85
2/20/2023 6:29,123,126,105
2/20/2023 6:29,95,88,112
2/20/2023 6:30,110,104,94
2/20/2023 6:30,92,94,110
2/20/2023 6:30,113,89,105
2/20/2023 6:31,88,108,122
2/20/2023 6:31,115,104,108
2/20/2023 6:31,98,105,128
2/20/2023 6:32,110,110,93
2/20/2023 6:32,123,100,86
2/20/2023 6:32,100,117,90
2/20/2023 6:33,87,104,113
2/20/2023 6:33,100,100,93
2/20/2023 6:33,101,111,107
2/20/2023 6:34,88,93,119
2/20/2023 6:34,119,93,86
2/20/2023 6:34,86,115,113
2/20/2023 6:35,107,100,98
2/20/2023 6:35,92,130,99
2/20/2023 6:35,96,109,97
2/20/2023 6:36,111,125,105
2/20/2023 6:36,94,99,86
2/20/2023 6:36,89,115,105
2/20/2023 6:37,106,99,108
2/20/2023 6:37,99,95,105
2/20/2023 6:37,121,93,117
2/20/2023 6:38,93,114,103
2/20/2023 6:38,93,119,98
2/20/2023 6:38,93,92,123
2/20/2023 6:39,119,122,96
2/20/2023 6:39,88,117,115
2/20/2023 6:39,111,105,87
2/20/2023 6:40,100,90,91
2/20/2023 6:40,114,123,121
2/20/2023 6:40,112,113,112
2/20/2023 6:41,99,99,92
2/20/2023 6:41,94,109,123
2/20/2023 6:41,92,97,114
2/20/2023 6:42,88,113,117
2/20/2023 6:42,111,125,122
2/20/2023 6:42,86,106,126
2/20/2023 6:43,126,130,112
2/20/2023 6:43,127,126,85
2/20/2023 6:43,97,101,87
2/20/2023 6:44,90,109,118
2/20/2023 6:44,99,110,119
2/20/2023 6:44,128,93,101
2/20/2023 6:45,116,115,98
2/20/2023 6:45,96,101,121
2/20/2023 6:45,124,94,107
2/20/2023 6:46,86,105,101
2/20/2023 6:46,96,123,98
2/20/2023 6:46,90,125,115
2/20/2023 6:47,87,90,117
2/20/2023 6:47,130,128,110
2/20/2023 6:47,88,103,92
2/20/2023 6:48,114,124,107
2/20/2023 6:48,122,118,100
2/20/2023 6:48,96,86,90
2/20/2023 6:49,95,85,123
2/20/2023 6:49,91,87,127
2/20/2023 6:49,119,90,90
2/20/2023 6:50,123,89,109
2/20/2023 6:50,105,100,99
2/20/2023 6:50,100,91,91
2/20/2023 6:51,94,118,125
2/20/2023 6:51,95,121,116
2/20/2023 6:51,90,89,104
2/20/2023 6:52,102,124,91
2/20/2023 6:52,92,94,121
2/20/2023 6:52,90,104,120
2/20/2023 6:53,104,117,90
2/20/2023 6:53,119,112,130
2/20/2023 6:53,95,125,99
2/20/2023 6:54,93,103,126
2/20/2023 6:54,93,103,127
2/20/2023 6:54,88,85,106
2/20/2023 6:55,109,126,85
2/20/2023 6:55,114,120,98
2/20/2023 6:55,101,117,99
2/20/2023 6:56,113,114,100
2/20/2023 6:56,130,97,105
2/20/2023 6:56,91,102,120
2/20/2023 6:57,99,91,125
2/20/2023 6:57,119,125,89
2/20/2023 6:57,90,93,112
2/20/2023 6:58,123,116,94
2/20/2023 6:58,127,106,89
2/20/2023 6:58,106,95,127
2/20/2023 6:59,116,123,115
2/20/2023 6:59,95,88,111
2/20/2023 6:59,112,108,111
2/20/2023 7:00,118,104,111
2/20/2023 7:00,128,108,121
2/20/2023 7:00,95,97,105
2/20/2023 7:01,85,95,94
2/20/2023 7:01,120,117,107
2/20/2023 7:01,112,107,110
2/20/2023 7:02,103,91,106
2/20/2023 7:02,102,105,130
2/20/2023 7:02,102,121,119
2/20/2023 7:03,88,100,93
2/20/2023 7:03,102,86,107
2/20/2023 7:03,87,95,129
2/20/2023 7:04,112,105,86
2/20/2023 7:04,94,129,113
2/20/2023 7:04,129,101,106
2/20/2023 7:05,95,112,117
2/20/2023 7:05,114,128,127
2/20/2023 7:05,96,105,114
2/20/2023 7:06,125,106,90
2/20/2023 7:06,102,108,100
2/20/2023 7:06,113,107,108
2/20/2023 7:07,112,123,98
2/20/2023 7:07,122,92,125
2/20/2023 7:07,130,120,100
2/20/2023 7:08,121,111,104
2/20/2023 7:08,127,124,124
2/20/2023 7:08,92,122,128
2/20/2023 7:09,116,89,94
2/20/2023 7:09,88,117,87
2/20/2023 7:09,105,95,90
2/20/2023 7:10,105,87,121
2/20/2023 7:10,94,99,86
2/20/2023 7:10,124,90,114
2/20/2023 7:11,122,121,122
2/20/2023 7:11,118,121,121
2/20/2023 7:11,102,91,101
2/20/2023 7:12,86,107,130
2/20/2023 7:12,94,92,87
2/20/2023 7:12,111,98,110
2/20/2023 7:13,123,91,125
2/20/2023 7:13,100,99,91
2/20/2023 7:13,113,94,92
2/20/2023 7:14,106,130,89
2/20/2023 7:14,126,121,109
2/20/2023 7:14,113,99,130
2/20/2023 7:15,127,123,90
2/20/2023 7:15,124,99,124
2/20/2023 7:15,107,130,88
2/20/2023 7:16,104,92,92
2/20/2023 7:16,110,109,108
2/20/2023 7:16,98,114,105
2/20/2023 7:17,103,128,95
2/20/2023 7:17,99,94,129
2/20/2023 7:17,95,92,92
2/20/2023 7:18,95,85,113
2/20/2023 7:18,120,116,91
2/20/2023 7:18,113,106,104
2/20/2023 7:19,119,121,122
2/20/2023 7:19,117,113,91
2/20/2023 7:19,109,99,128
2/20/2023 7:20,123,108,127
2/20/2023 7:20,118,127,100
2/20/2023 7:20,115,85,117
2/20/2023 7:21,91,90,89
2/20/2023 7:21,105,100,104
2/20/2023 7:21,94,112,85
2/20/2023 7:22,96,101,94
2/20/2023 7:22,121,99,128
2/20/2023 7:22,94,106,96
2/20/2023 7:23,97,126,98
2/20/2023 7:23,92,98,121
2/20/2023 7:23,85,115,86
2/20/2023 7:24,92,113,122
2/20/2023 7:24,130,104,107
2/20/2023 7:24,99,109,117
2/20/2023 7:25,110,90,125
2/20/2023 7:25,85,102,97
2/20/2023 7:25,103,108,92
2/20/2023 7:26,96,129,115
2/20/2023 7:26,104,91,121
2/20/2023 7:26,118,85,95
2/20/2023 7:27,113,130,101
2/20/2023 7:27,115,126,91
2/20/2023 7:27,119,114,98
2/20/2023 7:28,96,120,126
2/20/2023 7:28,92,86,125
2/20/2023 7:28,121,109,97
2/20/2023 7:29,127,97,127
2/20/2023 7:29,96,120,107
2/20/2023 7:29,104,110,86
2/20/2023 7:30,100,85,93
2/20/2023 7:30,123,112,114
2/20/2023 7:30,101,97,95
2/20/2023 7:31,115,123,106
2/20/2023 7:31,97,87,124
2/20/2023 7:31,111,114,88
2/20/2023 7:32,104,129,116
2/20/2023 7:32,126,113,92
2/20/2023 7:32,119,112,100
2/20/2023 7:33,112,110,96
2/20/2023 7:33,105,,99
2/20/2023 7:33,91,121,129
2/20/2023 7:34,113,92,126
2/20/2023 7:34,91,91,111
2/20/2023 7:34,122,110,87
2/20/2023 7:35,126,108,
2/20/2023 7:35,86,109,126
2/20/2023 7:35,119,126,117
2/20/2023 7:36,97,111,122
2/20/2023 7:36,100,102,115
2/20/2023 7:36,100,90,125
2/20/2023 7:37,,111,114
2/20/2023 7:37,98,117,86
2/20/2023 7:37,114,127,90
2/20/2023 7:38,107,111,97
2/20/2023 7:38,103,110,92
2/20/2023 7:38,112,93,91
2/20/2023 7:39,106,91,116
2/20/2023 7:39,100,123,90
2/20/2023 7:39,100,128,114
2/20/2023 7:40,96,91,120
2/20/2023 7:40,101,110,
2/20/2023 7:40,128,101,112
2/20/2023 7:41,124,103,105
2/20/2023 7:41,100,129,114
2/20/2023 7:41,,108,128
2/20/2023 7:42,130,106,91
2/20/2023 7:42,89,126,115
2/20/2023 7:42,120,120,95
2/20/2023 7:43,98,87,126
2/20/2023 7:43,97,104,88
2/20/2023 7:43,95,115,92
2/20/2023 7:44,92,115,97
2/20/2023 7:44,102,112,117
2/20/2023 7:44,101,94,98
2/20/2023 7:45,127,104,87
2/20/2023 7:45,110,98,94
2/20/2023 7:45,127,103,120
2/20/2023 7:46,129,130,85
2/20/2023 7:46,116,102,87
2/20/2023 7:46,100,113,97
2/20/2023 7:47,105,102,104
2/20/2023 7:47,96,88,85
2/20/2023 7:47,89,103,116
2/20/2023 7:48,116,111,116
2/20/2023 7:48,118,121,92
2/20/2023 7:48,124,85,116
2/20/2023 7:49,85,107,94
2/20/2023 7:49,102,101,87
2/20/2023 7:49,119,129,92
2/20/2023 7:50,109,117,90
2/20/2023 7:50,92,108,110
2/20/2023 7:50,123,118,116
2/20/2023 7:51,106,97,101
2/20/2023 7:51,121,120,104
2/20/2023 7:51,121,107,123
2/20/2023 7:52,86,113,129
2/20/2023 7:52,118,89,92
2/20/2023 7:52,91,95,127
2/20/2023 7:53,93,112,121
2/20/2023 7:53,98,105,102
2/20/2023 7:53,93,118,120
2/20/2023 7:54,111,110,121
2/20/2023 7:54,130,115,92
2/20/2023 7:54,112,110,127
2/20/2023 7:55,104,118,94
2/20/2023 7:55,98,124,85
2/20/2023 7:55,95,105,101
2/20/2023 7:56,90,117,99
2/20/2023 7:56,130,107,100
2/20/2023 7:56,91,105,114
2/20/2023 7:57,95,88,117
2/20/2023 7:57,100,115,108
2/20/2023 7:57,108,114,92
2/20/2023 7:58,109,96,99
2/20/2023 7:58,85,110,89
2/20/2023 7:58,91,,91
2/20/2023 7:59,104,99,112
2/20/2023 7:59,,126,127
2/20/2023 7:59,111,97,126
2/20/2023 8:00,87,92,128
2/20/2023 8:00,88,121,127
2/20/2023 8:00,130,118,129
2/20/2023 8:01,109,90,86
2/20/2023 8:01,91,124,101
2/20/2023 8:01,102,124,114
2/20/2023 8:02,87,116,110
2/20/2023 8:02,90,90,92
2/20/2023 8:02,129,86,91
2/20/2023 8:03,117,125,123
2/20/2023 8:03,87,115,112
2/20/2023 8:03,87,85,94
2/20/2023 8:04,119,98,110
2/20/2023 8:04,105,87,114
2/20/2023 8:04,116,104,98
2/20/2023 8:05,93,105,125
2/20/2023 8:05,125,113,118
2/20/2023 8:05,99,114,119
2/20/2023 8:06,88,111,89
2/20/2023 8:06,106,114,121
2/20/2023 8:06,101,92,117
2/20/2023 8:07,91,104,86
2/20/2023 8:07,120,121,123
2/20/2023 8:07,125,129,97
2/20/2023 8:08,114,106,130
2/20/2023 8:08,117,128,88
2/20/2023 8:08,85,92,111
2/20/2023 8:09,101,90,93
2/20/2023 8:09,92,122,125
2/20/2023 8:09,86,116,108
2/20/2023 8:10,98,109,87
2/20/2023 8:10,114,116,106
2/20/2023 8:10,85,92,121
2/20/2023 8:11,111,102,130
2/20/2023 8:11,98,127,95
2/20/2023 8:11,90,91,117
2/20/2023 8:12,86,111,115
2/20/2023 8:12,126,111,115
2/20/2023 8:12,91,96,118
2/20/2023 8:13,89,98,88
2/20/2023 8:13,,,95
2/20/2023 8:13,99,107,88
2/20/2023 8:14,114,100,85
2/20/2023 8:14,117,129,101
2/20/2023 8:14,96,85,91
2/20/2023 8:15,126,125,105
2/20/2023 8:15,126,117,91
2/20/2023 8:15,115,115,119
2/20/2023 8:16,114,88,104
2/20/2023 8:16,85,95,122
2/20/2023 8:16,127,118,125
2/20/2023 8:17,109,89,98
2/20/2023 8:17,111,104,130
2/20/2023 8:17,120,118,
2/20/2023 8:18,96,,
2/20/2023 8:18,113,90,91
2/20/2023 8:18,106,93,116
2/20/2023 8:19,101,85,128
2/20/2023 8:19,118,127,130
2/20/2023 8:19,125,102,95
2/20/2023 8:20,129,106,112
2/20/2023 8:20,116,93,92
2/20/2023 8:20,90,98,92
2/20/2023 8:21,113,90,96
2/20/2023 8:21,123,107,94
2/20/2023 8:21,105,120,85
2/20/2023 8:22,113,91,95
2/20/2023 8:22,103,93,97
2/20/2023 8:22,87,129,124
2/20/2023 8:23,124,121,88
2/20/2023 8:23,125,120,104
2/20/2023 8:23,112,96,87
2/20/2023 8:24,106,113,128
2/20/2023 8:24,113,105,110
2/20/2023 8:24,112,100,91
2/20/2023 8:25,113,128,110
2/20/2023 8:25,128,109,113
2/20/2023 8:25,,119,104
2/20/2023 8:26,121,103,
2/20/2023 8:26,91,125,124
2/20/2023 8:26,99,86,119
2/20/2023 8:27,124,96,120
2/20/2023 8:27,104,107,116
2/20/2023 8:27,114,90,114
2/20/2023 8:28,117,94,87
2/20/2023 8:28,86,112,125
2/20/2023 8:28,130,121,101
2/20/2023 8:29,96,107,108
2/20/2023 8:29,112,118,89
2/20/2023 8:29,118,103,109
2/20/2023 8:30,93,,88
2/20/2023 8:30,124,111,125
2/20/2023 8:30,103,93,111
2/20/2023 8:31,112,115,90
2/20/2023 8:31,112,130,117
2/20/2023 8:31,105,107,105
2/20/2023 8:32,120,115,110
2/20/2023 8:32,97,94,105
2/20/2023 8:32,119,106,112
2/20/2023 8:33,108,90,
2/20/2023 8:33,126,108,108
2/20/2023 8:33,,97,106
2/20/2023 8:34,113,90,119
2/20/2023 8:34,91,116,102
2/20/2023 8:34,121,94,102
2/20/2023 8:35,94,115,102
2/20/2023 8:35,124,94,125
2/20/2023 8:35,115,100,107
2/20/2023 8:36,125,115,89
2/20/2023 8:36,130,103,86
2/20/2023 8:36,103,98,125
2/20/2023 8:37,130,120,100
2/20/2023 8:37,111,108,124
2/20/2023 8:37,98,99,124
2/20/2023 8:38,106,105,96
2/20/2023 8:38,107,90,124
2/20/2023 8:38,120,97,91
2/20/2023 8:39,93,108,130
2/20/2023 8:39,123,97,90
2/20/2023 8:39,118,117,99
2/20/2023 8:40,126,122,120
2/20/2023 8:40,98,87,113
2/20/2023 8:40,121,126,94
2/20/2023 8:41,100,129,127
2/20/2023 8:41,,92,89
2/20/2023 8:41,,107,120
2/20/2023 8:42,,108,98
2/20/2023 8:42,112,111,86
2/20/2023 8:42,112,88,115
2/20/2023 8:43,100,106,110
2/20/2023 8:43,115,126,116
2/20/2023 8:43,116,103,101
2/20/2023 8:44,107,97,108
2/20/2023 8:44,107,,
2/20/2023 8:44,91,101,
2/20/2023 8:45,103,116,125
2/20/2023 8:45,89,95,104
2/20/2023 8:45,,110,116
2/20/2023 8:46,126,120,94
2/20/2023 8:46,116,88,109
2/20/2023 8:46,104,126,121
2/20/2023 8:47,111,92,127
2/20/2023 8:47,122,110,115
2/20/2023 8:47,127,91,95
2/20/2023 8:48,99,98,96
2/20/2023 8:48,116,103,86
2/20/2023 8:48,112,103,90
2/20/2023 8:49,102,110,100
2/20/2023 8:49,115,86,94
2/20/2023 8:49,120,111,119
2/20/2023 8:50,113,105,93
2/20/2023 8:50,93,116,88
2/20/2023 8:50,110,128,116
2/20/2023 8:51,113,109,86
2/20/2023 8:51,126,98,91
2/20/2023 8:51,122,109,106
2/20/2023 8:52,123,87,114
2/20/2023 8:52,91,86,95
2/20/2023 8:52,120,93,87
2/20/2023 8:53,90,89,125
2/20/2023 8:53,97,105,97
2/20/2023 8:53,96,125,127
2/20/2023 8:54,92,105,103
2/20/2023 8:54,106,112,125
2/20/2023 8:54,118,120,101
2/20/2023 8:55,89,127,114
2/20/2023 8:55,126,122,85
2/20/2023 8:55,116,105,124
2/20/2023 8:56,127,98,90
2/20/2023 8:56,87,112,111
2/20/2023 8:56,119,106,130
2/20/2023 8:57,91,98,115
2/20/2023 8:57,87,109,126
2/20/2023 8:57,109,89,94
2/20/2023 8:58,102,85,101
2/20/2023 8:58,101,129,85
2/20/2023 8:58,94,94,88
2/20/2023 8:59,98,118,89
2/20/2023 8:59,115,,108
2/20/2023 8:59,103,105,107
2/20/2023 9:00,126,114,87
2/20/2023 9:00,97,120,122
2/20/2023 9:00,104,128,116
2/20/2023 9:01,,85,
2/20/2023 9:01,106,125,104
2/20/2023 9:01,103,86,111
2/20/2023 9:02,101,110,118
2/20/2023 9:02,92,106,99
2/20/2023 9:02,99,104,89
2/20/2023 9:03,120,95,123
2/20/2023 9:03,101,122,90
2/20/2023 9:03,97,86,130
2/20/2023 9:04,89,111,116
2/20/2023 9:04,107,103,115
2/20/2023 9:04,90,107,88
2/20/2023 9:05,117,91,124
2/20/2023 9:05,122,109,90
2/20/2023 9:05,117,92,92
2/20/2023 9:06,107,111,123
2/20/2023 9:06,111,116,113
2/20/2023 9:06,92,115,87
2/20/2023 9:07,119,88,106
2/20/2023 9:07,122,122,94
2/20/2023 9:07,,92,105
2/20/2023 9:08,118,128,
2/20/2023 9:08,117,108,118
2/20/2023 9:08,97,97,91
2/20/2023 9:09,93,101,115
2/20/2023 9:09,112,93,103
2/20/2023 9:09,120,114,111
2/20/2023 9:10,88,101,124
2/20/2023 9:10,119,101,122
2/20/2023 9:10,106,122,103
2/20/2023 9:11,92,117,110
2/20/2023 9:11,127,122,127
2/20/2023 9:11,89,115,102
2/20/2023 9:12,114,98,114
2/20/2023 9:12,96,86,113
2/20/2023 9:12,116,99,85
2/20/2023 9:13,123,129,85
2/20/2023 9:13,103,105,88
2/20/2023 9:13,120,86,122
2/20/2023 9:14,90,113,120
2/20/2023 9:14,100,122,100
2/20/2023 9:14,130,88,87
2/20/2023 9:15,106,95,117
2/20/2023 9:15,105,114,108
2/20/2023 9:15,111,94,110
2/20/2023 9:16,130,98,100
2/20/2023 9:16,95,86,126
2/20/2023 9:16,118,96,87
2/20/2023 9:17,119,122,114
2/20/2023 9:17,119,124,103
2/20/2023 9:17,116,125,100
2/20/2023 9:18,100,99,107
2/20/2023 9:18,114,85,127
2/20/2023 9:18,121,89,92
2/20/2023 9:19,109,113,101
2/20/2023 9:19,87,86,96
2/20/2023 9:19,105,117,95
2/20/2023 9:20,91,100,118
2/20/2023 9:20,120,111,106
2/20/2023 9:20,108,117,98
2/20/2023 9:21,114,86,92
2/20/2023 9:21,112,88,129
2/20/2023 9:21,87,94,128
2/20/2023 9:22,123,113,99
2/20/2023 9:22,95,122,87
2/20/2023 9:22,110,111,97
2/20/2023 9:23,126,125,124
2/20/2023 9:23,129,109,118
2/20/2023 9:23,127,126,124
2/20/2023 9:24,113,103,97
2/20/2023 9:24,,108,89
2/20/2023 9:24,100,115,101
2/20/2023 9:25,115,130,112
2/20/2023 9:25,117,99,100
2/20/2023 9:25,113,105,108
2/20/2023 9:26,111,106,130
2/20/2023 9:26,129,,126
2/20/2023 9:26,110,,128
2/20/2023 9:27,89,,117
2/20/2023 9:27,110,104,119
2/20/2023 9:27,122,88,86
2/20/2023 9:28,114,130,106
2/20/2023 9:28,103,85,118
2/20/2023 9:28,108,124,124
2/20/2023 9:29,129,89,89
2/20/2023 9:29,88,105,
2/20/2023 9:29,129,100,130
2/20/2023 9:30,95,121,101
2/20/2023 9:30,94,117,98
2/20/2023 9:30,117,116,119
2/20/2023 9:31,92,127,88
2/20/2023 9:31,96,98,113
2/20/2023 9:31,114,129,88
2/20/2023 9:32,90,101,117
2/20/2023 9:32,122,92,104
2/20/2023 9:32,110,105,118
2/20/2023 9:33,130,130,90
2/20/2023 9:33,110,122,85
2/20/2023 9:33,123,121,100
2/20/2023 9:34,103,121,85
2/20/2023 9:34,118,127,120
2/20/2023 9:34,119,,129
2/20/2023 9:35,107,,117
2/20/2023 9:35,109,,113
2/20/2023 9:35,109,,124
2/20/2023 9:36,95,90,99
2/20/2023 9:36,116,103,87
2/20/2023 9:36,97,123,129
2/20/2023 9:37,120,87,110
2/20/2023 9:37,101,127,88
2/20/2023 9:37,,127,94
2/20/2023 9:38,,106,111
2/20/2023 9:38,,126,101
2/20/2023 9:38,129,114,111
2/20/2023 9:39,99,114,
2/20/2023 9:39,110,85,125
2/20/2023 9:39,122,88,116
2/20/2023 9:40,97,112,113
2/20/2023 9:40,113,98,110
2/20/2023 9:40,94,,129
2/20/2023 9:41,128,,118
2/20/2023 9:41,94,,101
2/20/2023 9:41,94,109,95
2/20/2023 9:42,128,93,87
2/20/2023 9:42,87,85,85
2/20/2023 9:42,118,126,89
2/20/2023 9:43,100,128,101
2/20/2023 9:43,92,108,122
2/20/2023 9:43,113,120,112
2/20/2023 9:44,104,127,120
2/20/2023 9:44,96,109,86
2/20/2023 9:44,118,130,98
2/20/2023 9:45,100,98,92
2/20/2023 9:45,121,99,126
2/20/2023 9:45,118,108,116
2/20/2023 9:46,125,108,113
2/20/2023 9:46,93,87,127
2/20/2023 9:46,104,85,128
2/20/2023 9:47,99,121,123
2/20/2023 9:47,91,112,101
2/20/2023 9:47,104,129,95
2/20/2023 9:48,117,111,108
2/20/2023 9:48,102,114,110
2/20/2023 9:48,99,111,90
2/20/2023 9:49,119,95,100
2/20/2023 9:49,113,128,110
2/20/2023 9:49,114,126,126
2/20/2023 9:50,100,97,94
2/20/2023 9:50,100,101,121
2/20/2023 9:50,124,128,130
2/20/2023 9:51,86,104,103
2/20/2023 9:51,111,115,113
2/20/2023 9:51,127,85,112
2/20/2023 9:52,98,126,117
2/20/2023 9:52,113,93,88
2/20/2023 9:52,126,96,101
2/20/2023 9:53,96,122,112
2/20/2023 9:53,100,86,123
2/20/2023 9:53,85,99,92
2/20/2023 9:54,128,103,123
2/20/2023 9:54,94,123,106
2/20/2023 9:54,93,88,95
2/20/2023 9:55,85,111,97
2/20/2023 9:55,104,103,111
2/20/2023 9:55,86,94,86
2/20/2023 9:56,86,121,113
2/20/2023 9:56,117,114,120
2/20/2023 9:56,115,89,112
2/20/2023 9:57,112,112,106
2/20/2023 9:57,119,110,111
2/20/2023 9:57,108,92,112
2/20/2023 9:58,106,105,97
2/20/2023 9:58,,89,127
2/20/2023 9:58,126,99,121
2/20/2023 9:59,118,128,122
2/20/2023 9:59,118,87,99
2/20/2023 9:59,103,122,103
2/20/2023 10:00,93,126,86
2/20/2023 10:00,110,116,105
2/20/2023 10:00,90,86,
2/20/2023 10:01,129,125,126
2/20/2023 10:01,110,,
2/20/2023 10:01,106,114,92
2/20/2023 10:02,97,100,88
2/20/2023 10:02,123,85,122
2/20/2023 10:02,124,93,96
2/20/2023 10:03,102,116,119
2/20/2023 10:03,110,115,89
2/20/2023 10:03,101,120,124
2/20/2023 10:04,98,101,112
2/20/2023 10:04,87,89,121
2/20/2023 10:04,102,123,94
2/20/2023 10:05,90,125,106
2/20/2023 10:05,106,125,101
2/20/2023 10:05,117,86,101
2/20/2023 10:06,94,102,94
2/20/2023 10:06,105,102,122
2/20/2023 10:06,109,111,109
2/20/2023 10:07,110,86,91
2/20/2023 10:07,123,99,102
2/20/2023 10:07,101,118,108
2/20/2023 10:08,100,112,121
2/20/2023 10:08,108,88,106
2/20/2023 10:08,125,89,90
2/20/2023 10:09,110,93,103
2/20/2023 10:09,102,97,114
2/20/2023 10:09,118,108,87
2/20/2023 10:10,86,110,107
2/20/2023 10:10,93,119,88
2/20/2023 10:10,103,117,112
2/20/2023 10:11,126,125,123
2/20/2023 10:11,119,112,86
2/20/2023 10:11,123,116,99
2/20/2023 10:12,,109,99
2/20/2023 10:12,113,105,127
2/20/2023 10:12,107,102,105
2/20/2023 10:13,85,117,118
2/20/2023 10:13,92,,121
2/20/2023 10:13,115,127,93
2/20/2023 10:14,124,89,107
2/20/2023 10:14,86,118,111
2/20/2023 10:14,103,,99
2/20/2023 10:15,90,85,110
2/20/2023 10:15,114,100,99
2/20/2023 10:15,106,99,122
2/20/2023 10:16,125,107,107
2/20/2023 10:16,105,88,113
2/20/2023 10:16,100,127,126
2/20/2023 10:17,95,113,100
2/20/2023 10:17,94,88,117
2/20/2023 10:17,130,93,118
2/20/2023 10:18,104,100,111
2/20/2023 10:18,87,107,105
2/20/2023 10:18,117,128,85
2/20/2023 10:19,103,85,95
2/20/2023 10:19,97,111,120
2/20/2023 10:19,94,120,117
2/20/2023 10:20,103,88,98
2/20/2023 10:20,91,124,111
2/20/2023 10:20,91,105,124
2/20/2023 10:21,113,100,108
2/20/2023 10:21,123,109,104
2/20/2023 10:21,93,108,86
2/20/2023 10:22,99,91,117
2/20/2023 10:22,104,119,120
2/20/2023 10:22,126,113,112
2/20/2023 10:23,105,94,125
2/20/2023 10:23,118,107,86
2/20/2023 10:23,89,86,116
2/20/2023 10:24,125,111,93
2/20/2023 10:24,104,108,104
2/20/2023 10:24,111,108,125
2/20/2023 10:25,100,90,113
2/20/2023 10:25,129,116,112
2/20/2023 10:25,112,89,116
2/20/2023 10:26,89,103,109
2/20/2023 10:26,104,103,110
2/20/2023 10:26,112,125,114
2/20/2023 10:27,119,94,121
2/20/2023 10:27,98,124,126
2/20/2023 10:27,127,130,105
2/20/2023 10:28,106,94,124
2/20/2023 10:28,106,109,130
2/20/2023 10:28,93,87,106
2/20/2023 10:29,118,104,90
2/20/2023 10:29,94,121,102
2/20/2023 10:29,125,94,130
2/20/2023 10:30,122,87,93
2/20/2023 10:30,116,87,96
2/20/2023 10:30,121,89,122
2/20/2023 10:31,105,124,106
2/20/2023 10:31,115,116,97
2/20/2023 10:31,100,114,121
2/20/2023 10:32,118,86,129
2/20/2023 10:32,104,112,94
2/20/2023 10:32,97,117,116
2/20/2023 10:33,106,114,119
2/20/2023 10:33,117,119,95
2/20/2023 10:33,87,118,129
2/20/2023 10:34,100,107,105
2/20/2023 10:34,89,95,85
2/20/2023 10:34,121,85,104
2/20/2023 10:35,88,112,97
2/20/2023 10:35,115,130,117
2/20/2023 10:35,113,86,117
2/20/2023 10:36,110,107,118
2/20/2023 10:36,114,123,92
2/20/2023 10:36,107,103,118
2/20/2023 10:37,106,118,117
2/20/2023 10:37,123,113,115
2/20/2023 10:37,101,113,129
2/20/2023 10:38,114,104,103
2/20/2023 10:38,118,120,123
2/20/2023 10:38,127,107,111
2/20/2023 10:39,96,108,128
2/20/2023 10:39,96,127,121
2/20/2023 10:39,123,85,102
2/20/2023 10:40,104,113,87
2/20/2023 10:40,92,106,102
2/20/2023 10:40,108,124,92
2/20/2023 10:41,95,106,99
2/20/2023 10:41,100,93,115
2/20/2023 10:41,122,118,90
2/20/2023 10:42,127,126,86
2/20/2023 10:42,125,85,126
2/20/2023 10:42,94,101,120
2/20/2023 10:43,99,129,91
2/20/2023 10:43,101,98,127
2/20/2023 10:43,106,90,89
2/20/2023 10:44,87,99,99
2/20/2023 10:44,113,91,95
2/20/2023 10:44,118,91,103
2/20/2023 10:45,99,95,92
2/20/2023 10:45,110,110,94
2/20/2023 10:45,99,116,107
2/20/2023 10:46,99,121,90
2/20/2023 10:46,115,108,103
2/20/2023 10:46,105,98,97
2/20/2023 10:47,97,103,85
2/20/2023 10:47,91,119,116
2/20/2023 10:47,119,92,108
2/20/2023 10:48,91,96,118
2/20/2023 10:48,108,126,93
2/20/2023 10:48,113,112,87
2/20/2023 10:49,118,115,114
2/20/2023 10:49,113,86,104
2/20/2023 10:49,116,113,118
2/20/2023 10:50,119,109,122
2/20/2023 10:50,97,125,128
2/20/2023 10:50,127,106,129
2/20/2023 10:51,107,102,128
2/20/2023 10:51,103,110,106
2/20/2023 10:51,109,111,89
2/20/2023 10:52,122,121,107
2/20/2023 10:52,105,87,127
2/20/2023 10:52,126,90,95
2/20/2023 10:53,116,115,97
2/20/2023 10:53,102,112,86
2/20/2023 10:53,120,118,90
2/20/2023 10:54,106,130,101
2/20/2023 10:54,104,126,118
2/20/2023 10:54,93,127,111
2/20/2023 10:55,92,121,100
2/20/2023 10:55,93,119,123
2/20/2023 10:55,113,114,88
2/20/2023 10:56,90,109,126
2/20/2023 10:56,111,112,102
2/20/2023 10:56,92,92,117
2/20/2023 10:57,127,90,99
2/20/2023 10:57,92,112,110
2/20/2023 10:57,112,94,115
2/20/2023 10:58,91,105,106
2/20/2023 10:58,129,121,97
2/20/2023 10:58,94,93,121
2/20/2023 10:59,116,107,109
2/20/2023 10:59,110,100,118
2/20/2023 10:59,116,110,101
2/20/2023 11:00,123,90,94
2/20/2023 11:00,115,,95
2/20/2023 11:00,93,85,89
2/20/2023 11:01,112,127,113
2/20/2023 11:01,93,92,116
2/20/2023 11:01,102,106,112
2/20/2023 11:02,122,95,106
2/20/2023 11:02,,130,
2/20/2023 11:02,104,96,89
2/20/2023 11:03,93,107,117
2/20/2023 11:03,118,106,95
2/20/2023 11:03,115,115,106
2/20/2023 11:04,94,122,129
2/20/2023 11:04,113,101,113
2/20/2023 11:04,124,99,129
2/20/2023 11:05,114,107,120
2/20/2023 11:05,111,87,116
2/20/2023 11:05,129,99,96
2/20/2023 11:06,103,118,96
2/20/2023 11:06,,111,130
2/20/2023 11:06,90,92,127
2/20/2023 11:07,123,90,107
2/20/2023 11:07,111,95,120
2/20/2023 11:07,107,130,120
2/20/2023 11:08,100,89,125
2/20/2023 11:08,99,85,108
2/20/2023 11:08,112,86,106
2/20/2023 11:09,87,86,104
2/20/2023 11:09,114,95,122
2/20/2023 11:09,96,123,102
2/20/2023 11:10,91,101,94
2/20/2023 11:10,114,127,107
2/20/2023 11:10,124,94,106
2/20/2023 11:11,108,111,96
2/20/2023 11:11,93,104,108
2/20/2023 11:11,123,129,
2/20/2023 11:12,95,105,89
2/20/2023 11:12,85,87,91
2/20/2023 11:12,114,115,122
2/20/2023 11:13,124,116,86
2/20/2023 11:13,130,105,118
2/20/2023 11:13,114,108,98
2/20/2023 11:14,92,129,130
2/20/2023 11:14,95,95,117
2/20/2023 11:14,110,98,90
2/20/2023 11:15,,85,90
2/20/2023 11:15,105,86,110
2/20/2023 11:15,113,,99
2/20/2023 11:16,96,100,121
2/20/2023 11:16,86,108,129
2/20/2023 11:16,121,,103
2/20/2023 11:17,103,116,101
2/20/2023 11:17,104,127,99
2/20/2023 11:17,108,120,121
2/20/2023 11:18,87,89,122
2/20/2023 11:18,85,99,101
2/20/2023 11:18,101,118,122
2/20/2023 11:19,96,120,100
2/20/2023 11:19,89,103,111
2/20/2023 11:19,99,104,90
2/20/2023 11:20,126,95,94
2/20/2023 11:20,121,100,118
2/20/2023 11:20,92,128,
2/20/2023 11:21,130,102,128
2/20/2023 11:21,107,111,94
2/20/2023 11:21,119,,106
2/20/2023 11:22,87,90,107
2/20/2023 11:22,115,109,105
2/20/2023 11:22,95,103,87
2/20/2023 11:23,92,120,119
2/20/2023 11:23,120,,117
2/20/2023 11:23,,85,101
2/20/2023 11:24,112,122,120
2/20/2023 11:24,114,101,115
2/20/2023 11:24,93,128,122
2/20/2023 11:25,115,107,125
2/20/2023 11:25,122,125,124
2/20/2023 11:25,92,88,120
2/20/2023 11:26,118,90,95
2/20/2023 11:26,108,121,90
2/20/2023 11:26,100,93,94
2/20/2023 11:27,113,120,92
2/20/2023 11:27,104,123,106
2/20/2023 11:27,123,120,123
2/20/2023 11:28,130,101,123
2/20/2023 11:28,87,96,125
2/20/2023 11:28,103,110,124
2/20/2023 11:29,129,117,88
2/20/2023 11:29,113,108,94
2/20/2023 11:29,89,93,112
2/20/2023 11:30,125,108,89
2/20/2023 11:30,89,87,95
2/20/2023 11:30,119,109,129
2/20/2023 11:31,116,93,124
2/20/2023 11:31,128,114,112
2/20/2023 11:31,92,86,102
2/20/2023 11:32,115,94,122
2/20/2023 11:32,,125,93
2/20/2023 11:32,105,128,93
2/20/2023 11:33,98,108,88
2/20/2023 11:33,105,112,109
2/20/2023 11:33,103,101,114
2/20/2023 11:34,110,,
2/20/2023 11:34,129,102,119
2/20/2023 11:34,96,104,122
2/20/2023 11:35,,108,122
2/20/2023 11:35,128,111,123
2/20/2023 11:35,121,130,89
2/20/2023 11:36,126,89,107
2/20/2023 11:36,111,105,126
2/20/2023 11:36,104,115,88
2/20/2023 11:37,129,,87
2/20/2023 11:37,127,113,114
2/20/2023 11:37,128,129,115
2/20/2023 11:38,86,107,124
2/20/2023 11:38,129,95,90
2/20/2023 11:38,125,129,123
2/20/2023 11:39,130,115,126
2/20/2023 11:39,124,121,107
2/20/2023 11:39,114,128,111
2/20/2023 11:40,125,121,111
2/20/2023 11:40,86,88,111
2/20/2023 11:40,89,104,99
2/20/2023 11:41,109,89,122
2/20/2023 11:41,117,108,92
2/20/2023 11:41,98,107,109
2/20/2023 11:42,117,109,98
2/20/2023 11:42,94,129,129
2/20/2023 11:42,99,125,109
2/20/2023 11:43,88,88,120
2/20/2023 11:43,119,88,93
2/20/2023 11:43,115,89,114
2/20/2023 11:44,130,85,93
2/20/2023 11:44,107,107,111
2/20/2023 11:44,97,94,99
2/20/2023 11:45,89,,
2/20/2023 11:45,130,127,
2/20/2023 11:45,116,92,108
2/20/2023 11:46,129,91,122
2/20/2023 11:46,95,97,122
2/20/2023 11:46,116,121,90
2/20/2023 11:47,,127,126
2/20/2023 11:47,110,104,
2/20/2023 11:47,106,,
2/20/2023 11:48,111,,92
2/20/2023 11:48,121,124,107
2/20/2023 11:48,95,103,100
2/20/2023 11:49,122,110,90
2/20/2023 11:49,118,119,104
2/20/2023 11:49,127,101,88
2/20/2023 11:50,92,87,105
2/20/2023 11:50,93,,90
2/20/2023 11:50,108,120,
2/20/2023 11:51,,122,
2/20/2023 11:51,86,103,
2/20/2023 11:51,99,114,113
2/20/2023 11:52,103,103,122
2/20/2023 11:52,103,94,100
2/20/2023 11:52,127,98,95
2/20/2023 11:53,130,112,126
2/20/2023 11:53,109,119,114
2/20/2023 11:53,98,122,89
2/20/2023 11:54,127,124,114
2/20/2023 11:54,85,130,91
2/20/2023 11:54,124,124,95
2/20/2023 11:55,90,93,92
2/20/2023 11:55,85,128,91
2/20/2023 11:55,110,109,96
2/20/2023 11:56,88,98,115
2/20/2023 11:56,125,120,103
2/20/2023 11:56,120,106,130
2/20/2023 11:57,110,101,109
2/20/2023 11:57,103,97,101
2/20/2023 11:57,88,105,127
2/20/2023 11:58,95,118,125
2/20/2023 11:58,94,110,116
2/20/2023 11:58,121,129,118
2/20/2023 11:59,103,130,89
2/20/2023 11:59,118,119,102
2/20/2023 11:59,112,126,107
2/20/2023 12:00,103,113,97
2/20/2023 12:00,116,90,128
2/20/2023 12:00,120,127,98
2/20/2023 12:01,97,109,106
2/20/2023 12:01,99,99,121
2/20/2023 12:01,94,92,122
2/20/2023 12:02,119,124,127
2/20/2023 12:02,102,99,122
2/20/2023 12:02,100,128,85
2/20/2023 12:03,87,95,116
2/20/2023 12:03,126,99,127
2/20/2023 12:03,109,90,107
2/20/2023 12:04,106,123,121
2/20/2023 12:04,120,96,99
2/20/2023 12:04,89,123,105
2/20/2023 12:05,104,104,89
2/20/2023 12:05,113,107,125
2/20/2023 12:05,118,120,95
2/20/2023 12:06,114,107,109
2/20/2023 12:06,92,126,95
2/20/2023 12:06,97,112,108
2/20/2023 12:07,125,85,101
2/20/2023 12:07,125,106,108
2/20/2023 12:07,106,126,94
2/20/2023 12:08,103,118,95
2/20/2023 12:08,86,117,97
2/20/2023 12:08,111,96,96
2/20/2023 12:09,116,111,118
2/20/2023 12:09,124,87,89
2/20/2023 12:09,115,129,111
2/20/2023 12:10,102,120,92
2/20/2023 12:10,109,101,104
2/20/2023 12:10,86,122,103
2/20/2023 12:11,,,103
2/20/2023 12:11,,,109
2/20/2023 12:11,,,100
2/20/2023 12:12,91,125,122
2/20/2023 12:12,90,100,115
2/20/2023 12:12,117,99,89
2/20/2023 12:13,104,101,120
2/20/2023 12:13,125,101,112
2/20/2023 12:13,114,115,
2/20/2023 12:14,93,97,94
2/20/2023 12:14,106,89,112
2/20/2023 12:14,109,93,97
2/20/2023 12:15,95,87,96
2/20/2023 12:15,98,117,105
2/20/2023 12:15,113,118,97
2/20/2023 12:16,124,89,130
2/20/2023 12:16,90,99,112
2/20/2023 12:16,116,,100
2/20/2023 12:17,96,,118
2/20/2023 12:17,91,,120
2/20/2023 12:17,118,94,114
2/20/2023 12:18,98,113,102
2/20/2023 12:18,116,121,90
2/20/2023 12:18,105,103,110
2/20/2023 12:19,88,112,107
2/20/2023 12:19,129,122,120
2/20/2023 12:19,114,125,128
2/20/2023 12:20,116,125,93
2/20/2023 12:20,116,121,101
2/20/2023 12:20,111,94,130
2/20/2023 12:21,129,111,87
2/20/2023 12:21,120,85,113
2/20/2023 12:21,92,97,118
2/20/2023 12:22,85,115,86
2/20/2023 12:22,127,120,111
2/20/2023 12:22,102,93,93
2/20/2023 12:23,87,112,112
2/20/2023 12:23,,96,106
2/20/2023 12:23,121,127,91
2/20/2023 12:24,103,126,107
2/20/2023 12:24,106,107,89
2/20/2023 12:24,110,92,97
2/20/2023 12:25,102,107,99
2/20/2023 12:25,108,118,90
2/20/2023 12:25,112,125,94
2/20/2023 12:26,93,130,
2/20/2023 12:26,86,88,85
2/20/2023 12:26,,91,103
2/20/2023 12:27,128,,91
2/20/2023 12:27,129,112,95
2/20/2023 12:27,95,96,99
2/20/2023 12:28,117,96,106
2/20/2023 12:28,,,126
2/20/2023 12:28,,,121
2/20/2023 12:29,,,113
2/20/2023 12:29,,,107
2/20/2023 12:29,89,99,121
2/20/2023 12:30,101,121,112
2/20/2023 12:30,94,96,116
2/20/2023 12:30,123,93,109
2/20/2023 12:31,102,90,103
2/20/2023 12:31,120,118,115
2/20/2023 12:31,113,94,94
2/20/2023 12:32,121,96,108
2/20/2023 12:32,122,128,107
2/20/2023 12:32,99,116,120
2/20/2023 12:33,100,106,90
2/20/2023 12:33,92,97,122
2/20/2023 12:33,87,106,101
2/20/2023 12:34,93,104,117
2/20/2023 12:34,111,126,120
2/20/2023 12:34,121,94,109
2/20/2023 12:35,94,95,128
2/20/2023 12:35,119,128,109
2/20/2023 12:35,94,86,94
2/20/2023 12:36,88,111,120
2/20/2023 12:36,120,87,120
2/20/2023 12:36,129,101,102
2/20/2023 12:37,105,97,122
2/20/2023 12:37,112,94,93
2/20/2023 12:37,110,118,94
2/20/2023 12:38,128,122,87
2/20/2023 12:38,90,124,88
2/20/2023 12:38,112,86,105
2/20/2023 12:39,87,107,97
2/20/2023 12:39,129,120,123
2/20/2023 12:39,97,98,119
2/20/2023 12:40,92,100,92
2/20/2023 12:40,126,88,126
2/20/2023 12:40,107,120,99
2/20/2023 12:41,89,106,128
2/20/2023 12:41,99,130,97
2/20/2023 12:41,117,93,120
2/20/2023 12:42,101,125,116
2/20/2023 12:42,85,85,89
2/20/2023 12:42,117,85,98
2/20/2023 12:43,116,125,126
2/20/2023 12:43,89,101,124
2/20/2023 12:43,124,96,111
2/20/2023 12:44,86,117,90
2/20/2023 12:44,89,99,121
2/20/2023 12:44,89,110,87
2/20/2023 12:45,115,118,116
2/20/2023 12:45,96,91,114
2/20/2023 12:45,125,95,92
2/20/2023 12:46,87,96,89
2/20/2023 12:46,97,121,124
2/20/2023 12:46,112,120,106
2/20/2023 12:47,109,99,86
2/20/2023 12:47,92,86,111
2/20/2023 12:47,111,94,94
2/20/2023 12:48,107,99,88
2/20/2023 12:48,125,88,127
2/20/2023 12:48,118,92,94
2/20/2023 12:49,96,124,87
2/20/2023 12:49,98,121,122
2/20/2023 12:49,89,85,86
2/20/2023 12:50,107,115,124
2/20/2023 12:50,99,105,125
2/20/2023 12:50,124,126,93
2/20/2023 12:51,121,124,123
2/20/2023 12:51,125,105,126
2/20/2023 12:51,121,93,122
2/20/2023 12:52,91,124,127
2/20/2023 12:52,92,109,
2/20/2023 12:52,85,128,96
2/20/2023 12:53,105,126,89
2/20/2023 12:53,,,127
2/20/2023 12:53,119,110,88
2/20/2023 12:54,122,90,128
2/20/2023 12:54,88,118,117
2/20/2023 12:54,128,106,100
2/20/2023 12:55,124,98,122
2/20/2023 12:55,118,,103
2/20/2023 12:55,102,,106
2/20/2023 12:56,108,97,104
2/20/2023 12:56,106,94,
2/20/2023 12:56,122,102,98
2/20/2023 12:57,119,,127
2/20/2023 12:57,93,118,95
2/20/2023 12:57,127,114,126
2/20/2023 12:58,95,113,98
2/20/2023 12:58,117,117,109
2/20/2023 12:58,126,114,90
2/20/2023 12:59,122,108,124
2/20/2023 12:59,91,88,92
2/20/2023 12:59,92,86,125
2/20/2023 13:00,102,123,129
2/20/2023 13:00,85,108,90
2/20/2023 13:00,130,103,111
2/20/2023 13:01,87,118,86
2/20/2023 13:01,89,94,103
2/20/2023 13:01,129,94,88
2/20/2023 13:02,101,105,116
2/20/2023 13:02,127,90,104
2/20/2023 13:02,121,92,101
2/20/2023 13:03,127,116,129
2/20/2023 13:03,99,89,113
2/20/2023 13:03,104,92,115
2/20/2023 13:04,106,113,96
2/20/2023 13:04,103,92,122
2/20/2023 13:04,106,117,90
2/20/2023 13:05,130,122,104
2/20/2023 13:05,101,99,107
2/20/2023 13:05,130,115,125
2/20/2023 13:06,93,98,121
2/20/2023 13:06,88,106,105
2/20/2023 13:06,88,119,106
2/20/2023 13:07,103,124,118
2/20/2023 13:07,111,120,112
2/20/2023 13:07,125,107,127
2/20/2023 13:08,92,95,125
2/20/2023 13:08,126,112,102
2/20/2023 13:08,93,97,90
2/20/2023 13:09,90,113,117
2/20/2023 13:09,128,86,99
2/20/2023 13:09,102,92,104
2/20/2023 13:10,94,93,108
2/20/2023 13:10,122,121,87
2/20/2023 13:10,114,126,117
2/20/2023 13:11,103,116,105
2/20/2023 13:11,129,85,108
2/20/2023 13:11,126,92,98
2/20/2023 13:12,91,120,108
2/20/2023 13:12,110,111,123
2/20/2023 13:12,116,128,111
2/20/2023 13:13,106,111,105
2/20/2023 13:13,127,98,113
2/20/2023 13:13,98,112,118
2/20/2023 13:14,99,98,113
2/20/2023 13:14,121,99,113
2/20/2023 13:14,93,104,85
2/20/2023 13:15,125,88,130
2/20/2023 13:15,101,106,129
2/20/2023 13:15,92,89,112
2/20/2023 13:16,124,93,112
2/20/2023 13:16,104,97,98
2/20/2023 13:16,100,122,101
2/20/2023 13:17,127,124,130
2/20/2023 13:17,128,86,94
2/20/2023 13:17,117,118,102
2/20/2023 13:18,99,115,95
2/20/2023 13:18,96,124,98
2/20/2023 13:18,127,108,121
2/20/2023 13:19,112,109,96
2/20/2023 13:19,94,121,123
2/20/2023 13:19,105,118,89
2/20/2023 13:20,130,123,89
2/20/2023 13:20,115,102,89
2/20/2023 13:20,119,90,110
2/20/2023 13:21,123,121,130
2/20/2023 13:21,104,105,98
2/20/2023 13:21,117,107,128
2/20/2023 13:22,117,103,111
2/20/2023 13:22,101,129,99
2/20/2023 13:22,99,94,92
2/20/2023 13:23,93,100,87
2/20/2023 13:23,106,123,109
2/20/2023 13:23,88,85,120
2/20/2023 13:24,99,105,97
2/20/2023 13:24,116,96,129
2/20/2023 13:24,88,97,99
2/20/2023 13:25,106,103,101
2/20/2023 13:25,121,116,109
2/20/2023 13:25,107,103,117
2/20/2023 13:26,124,126,109
2/20/2023 13:26,117,94,109
2/20/2023 13:26,91,101,111
2/20/2023 13:27,93,108,94
2/20/2023 13:27,120,106,115
2/20/2023 13:27,114,113,124
2/20/2023 13:28,86,100,129
2/20/2023 13:28,128,128,99
2/20/2023 13:28,,127,87
2/20/2023 13:29,126,95,110
2/20/2023 13:29,91,87,119
2/20/2023 13:29,115,104,128
2/20/2023 13:30,89,101,108
2/20/2023 13:30,114,118,109
2/20/2023 13:30,97,126,108
2/20/2023 13:31,100,129,107
2/20/2023 13:31,128,92,119
2/20/2023 13:31,102,98,103
2/20/2023 13:32,103,100,106
2/20/2023 13:32,106,95,89
2/20/2023 13:32,109,93,100
2/20/2023 13:33,91,123,102
2/20/2023 13:33,91,97,109
2/20/2023 13:33,94,102,94
2/20/2023 13:34,100,106,97
2/20/2023 13:34,94,104,86
2/20/2023 13:34,102,114,86
2/20/2023 13:35,89,97,120
2/20/2023 13:35,93,113,102
2/20/2023 13:35,103,124,115
2/20/2023 13:36,102,101,129
2/20/2023 13:36,125,128,94
2/20/2023 13:36,108,93,102
2/20/2023 13:37,102,113,98
2/20/2023 13:37,127,91,124
2/20/2023 13:37,121,124,112
2/20/2023 13:38,108,129,106
2/20/2023 13:38,126,130,130
2/20/2023 13:38,112,,124
2/20/2023 13:39,102,123,112
2/20/2023 13:39,117,106,91
2/20/2023 13:39,113,90,126
2/20/2023 13:40,85,107,124
2/20/2023 13:40,109,91,108
2/20/2023 13:40,118,108,130
2/20/2023 13:41,91,127,128
2/20/2023 13:41,100,,113
2/20/2023 13:41,105,130,122
2/20/2023 13:42,85,105,85
2/20/2023 13:42,87,92,115
2/20/2023 13:42,126,126,99
2/20/2023 13:43,112,89,93
2/20/2023 13:43,114,104,
2/20/2023 13:43,123,130,129
2/20/2023 13:44,105,129,85
2/20/2023 13:44,123,128,116
2/20/2023 13:44,89,119,127
2/20/2023 13:45,111,87,103
2/20/2023 13:45,95,107,111
2/20/2023 13:45,100,86,97
2/20/2023 13:46,110,105,99
2/20/2023 13:46,107,128,107
2/20/2023 13:46,97,122,113
2/20/2023 13:47,98,126,123
2/20/2023 13:47,106,101,101
2/20/2023 13:47,117,101,106
2/20/2023 13:48,118,102,124
2/20/2023 13:48,89,92,93
2/20/2023 13:48,120,98,111
2/20/2023 13:49,124,128,122
2/20/2023 13:49,118,128,111
2/20/2023 13:49,101,103,96
2/20/2023 13:50,106,99,130
2/20/2023 13:50,112,93,123
2/20/2023 13:50,115,123,109
2/20/2023 13:51,115,110,107
2/20/2023 13:51,116,,110
2/20/2023 13:51,85,126,128
2/20/2023 13:52,90,97,90
2/20/2023 13:52,122,113,106
2/20/2023 13:52,105,109,106
2/20/2023 13:53,87,123,85
2/20/2023 13:53,111,123,88
2/20/2023 13:53,118,96,120
2/20/2023 13:54,123,120,101
2/20/2023 13:54,129,94,103
2/20/2023 13:54,108,99,103
2/20/2023 13:55,101,111,98
2/20/2023 13:55,123,100,122
2/20/2023 13:55,93,121,100
2/20/2023 13:56,111,120,114
2/20/2023 13:56,130,106,88
2/20/2023 13:56,113,127,124
2/20/2023 13:57,122,130,115
2/20/2023 13:57,112,92,88
2/20/2023 13:57,114,110,103
2/20/2023 13:58,128,85,94
2/20/2023 13:58,126,85,87
2/20/2023 13:58,95,101,97
2/20/2023 13:59,85,95,103
2/20/2023 13:59,111,90,108
2/20/2023 13:59,118,101,94
2/20/2023 14:00,95,114,114
2/20/2023 14:00,90,97,118
2/20/2023 14:00,99,87,116
2/20/2023 14:01,117,129,127
2/20/2023 14:01,89,116,100
2/20/2023 14:01,101,,104
2/20/2023 14:02,102,120,102
2/20/2023 14:02,106,96,119
2/20/2023 14:02,103,106,105
2/20/2023 14:03,86,97,118
2/20/2023 14:03,127,106,128
2/20/2023 14:03,109,99,89
2/20/2023 14:04,122,121,96
2/20/2023 14:04,120,105,98
2/20/2023 14:04,108,86,92
2/20/2023 14:05,116,87,118
2/20/2023 14:05,,114,85
2/20/2023 14:05,111,86,98
2/20/2023 14:06,103,107,120
2/20/2023 14:06,95,114,121
2/20/2023 14:06,122,111,111
2/20/2023 14:07,110,121,104
2/20/2023 14:07,93,99,97
2/20/2023 14:07,117,89,113
2/20/2023 14:08,117,118,91
2/20/2023 14:08,125,122,92
2/20/2023 14:08,102,125,112
2/20/2023 14:09,91,121,93
2/20/2023 14:09,101,115,114
2/20/2023 14:09,85,101,94
2/20/2023 14:10,100,117,102
2/20/2023 14:10,117,100,110
2/20/2023 14:10,109,123,103
2/20/2023 14:11,103,94,112
2/20/2023 14:11,115,122,114
2/20/2023 14:11,122,123,99
2/20/2023 14:12,104,86,97
2/20/2023 14:12,106,92,99
2/20/2023 14:12,107,130,117
2/20/2023 14:13,98,100,95
2/20/2023 14:13,128,103,117
2/20/2023 14:13,118,110,117
2/20/2023 14:14,113,110,117
2/20/2023 14:14,124,95,128
2/20/2023 14:14,111,101,128
2/20/2023 14:15,104,101,126
2/20/2023 14:15,96,97,130
2/20/2023 14:15,110,116,87
2/20/2023 14:16,119,85,98
2/20/2023 14:16,88,97,94
2/20/2023 14:16,85,,112
2/20/2023 14:17,117,111,108
2/20/2023 14:17,108,122,96
2/20/2023 14:17,119,121,86
2/20/2023 14:18,130,117,102
2/20/2023 14:18,89,85,117
2/20/2023 14:18,112,86,110
2/20/2023 14:19,86,121,98
2/20/2023 14:19,86,88,123
2/20/2023 14:19,101,112,129
2/20/2023 14:20,112,89,101
2/20/2023 14:20,104,87,112
2/20/2023 14:20,88,87,87
2/20/2023 14:21,106,98,101
2/20/2023 14:21,123,128,130
2/20/2023 14:21,130,106,91
2/20/2023 14:22,123,114,119
2/20/2023 14:22,92,116,116
2/20/2023 14:22,121,128,109
2/20/2023 14:23,125,108,103
2/20/2023 14:23,101,127,106
2/20/2023 14:23,130,105,111
2/20/2023 14:24,117,90,92
2/20/2023 14:24,95,122,126
2/20/2023 14:24,125,97,90
2/20/2023 14:25,99,101,
2/20/2023 14:25,107,102,98
2/20/2023 14:25,121,101,120
2/20/2023 14:26,92,101,109
2/20/2023 14:26,125,102,111
2/20/2023 14:26,99,120,94
2/20/2023 14:27,98,93,112
2/20/2023 14:27,130,129,129
2/20/2023 14:27,129,121,102
2/20/2023 14:28,113,101,124
2/20/2023 14:28,98,103,96
2/20/2023 14:28,101,124,127
2/20/2023 14:29,126,91,89
2/20/2023 14:29,86,96,100
2/20/2023 14:29,86,111,109
2/20/2023 14:30,108,102,103
2/20/2023 14:30,89,104,116
2/20/2023 14:30,93,109,115
2/20/2023 14:31,111,117,93
2/20/2023 14:31,118,94,121
2/20/2023 14:31,115,94,114
2/20/2023 14:32,108,116,112
2/20/2023 14:32,129,91,101
2/20/2023 14:32,93,100,116
2/20/2023 14:33,101,96,92
2/20/2023 14:33,106,114,97
2/20/2023 14:33,103,108,105
2/20/2023 14:34,125,126,88
2/20/2023 14:34,113,123,121
2/20/2023 14:34,129,94,99
2/20/2023 14:35,,117,100
2/20/2023 14:35,106,111,89
2/20/2023 14:35,122,96,108
2/20/2023 14:36,85,87,99
2/20/2023 14:36,116,106,121
2/20/2023 14:36,124,114,96
2/20/2023 14:37,110,123,124
2/20/2023 14:37,100,88,89
2/20/2023 14:37,122,119,106
2/20/2023 14:38,99,108,112
2/20/2023 14:38,101,107,114
2/20/2023 14:38,121,125,93
2/20/2023 14:39,85,102,113
2/20/2023 14:39,130,88,106
2/20/2023 14:39,118,123,108
2/20/2023 14:40,87,126,120
2/20/2023 14:40,116,106,125
2/20/2023 14:40,99,130,117
2/20/2023 14:41,87,126,114
2/20/2023 14:41,123,117,89
2/20/2023 14:41,97,121,99
2/20/2023 14:42,123,92,107
2/20/2023 14:42,125,116,128
2/20/2023 14:42,94,85,98
2/20/2023 14:43,100,,99
2/20/2023 14:43,123,102,117
2/20/2023 14:43,121,112,85
2/20/2023 14:44,110,110,86
2/20/2023 14:44,126,120,122
2/20/2023 14:44,110,98,112
2/20/2023 14:45,116,91,95
2/20/2023 14:45,128,115,92
2/20/2023 14:45,107,102,97
2/20/2023 14:46,88,100,97
2/20/2023 14:46,124,123,95
2/20/2023 14:46,87,124,126
2/20/2023 14:47,104,116,107
2/20/2023 14:47,115,97,122
2/20/2023 14:47,103,98,118
2/20/2023 14:48,111,104,86
2/20/2023 14:48,117,108,95
2/20/2023 14:48,111,110,85
2/20/2023 14:49,109,126,116
2/20/2023 14:49,120,104,102
2/20/2023 14:49,130,112,91
2/20/2023 14:50,98,114,92
2/20/2023 14:50,126,116,102
2/20/2023 14:50,108,88,99
2/20/2023 14:51,124,88,91
2/20/2023 14:51,104,91,122
2/20/2023 14:51,122,126,110
2/20/2023 14:52,104,87,119
2/20/2023 14:52,118,111,124
2/20/2023 14:52,109,112,88
2/20/2023 14:53,95,111,108
2/20/2023 14:53,107,104,115
2/20/2023 14:53,115,117,123
2/20/2023 14:54,101,106,95
2/20/2023 14:54,104,107,103
2/20/2023 14:54,128,99,86
2/20/2023 14:55,116,,102
2/20/2023 14:55,98,108,105
2/20/2023 14:55,85,115,108
2/20/2023 14:56,100,117,97
2/20/2023 14:56,87,98,93
2/20/2023 14:56,118,115,90
2/20/2023 14:57,130,106,120
2/20/2023 14:57,103,121,115
2/20/2023 14:57,111,106,100
2/20/2023 14:58,117,100,111
2/20/2023 14:58,130,98,111
2/20/2023 14:58,117,121,127
2/20/2023 14:59,117,98,89
2/20/2023 14:59,119,123,121
2/20/2023 14:59,118,107,128
2/20/2023 15:00,91,122,87
2/20/2023 15:00,126,101,99
2/20/2023 15:00,93,125,107
2/20/2023 15:01,105,118,106
2/20/2023 15:01,114,113,85
2/20/2023 15:01,125,95,95
2/20/2023 15:02,109,112,127
2/20/2023 15:02,110,122,114
2/20/2023 15:02,128,115,126
2/20/2023 15:03,87,95,97
2/20/2023 15:03,126,116,115
2/20/2023 15:03,93,107,85
2/20/2023 15:04,128,,100
2/20/2023 15:04,118,108,91
2/20/2023 15:04,98,91,85
2/20/2023 15:05,113,109,119
2/20/2023 15:05,87,112,116
2/20/2023 15:05,108,127,119
2/20/2023 15:06,90,95,128
2/20/2023 15:06,109,128,92
